<?xml version="1.0" ?>
<AnimData>
	<ShadowSize>0</ShadowSize>
    <Anims>
        <Anim>
            <Name>Idle</Name>
            <Index>7</Index>
            <FrameWidth>32</FrameWidth>
            <FrameHeight>56</FrameHeight>
            <Durations>
                <Duration>10</Duration>
                <Duration>6</Duration>
                <Duration>6</Duration>
                <Duration>6</Duration>
                <Duration>6</Duration>
                <Duration>6</Duration>
                <Duration>6</Duration>
                <Duration>8</Duration>
            </Durations>
        </Anim>
	</Anims>
</AnimData>